username,email,password,longitude,latitude
fdimitrescu0,edabinett0@amazon.co.uk,MYX4TvcY,57.785,58.8411
cslade1,obusby1@mail.ru,3R2NH7jLG3V9,23.52108,38.07989
agibard2,jchasles2@engadget.com,etfgS9JDmwd,48.51341,41.36108
rbache3,sfandrich3@flavors.me,AGQHc3XPGE,-46.90139,-22.74194
kmelia4,gmussalli4@weebly.com,tR3M5dVN,126.56028,43.85083
cpetkens5,awhichelow5@walmart.com,M4u6DkhSadjk,-7.23333,54.18333
oshackel6,tcuncarr6@paypal.com,EfNdcayCiBYf,112.73333,49.15
bmicklewright7,bwellsman7@ehow.com,zVaiwe1,0.0833,43.2333
aweedenburg8,bcoady8@delicious.com,C7vc2BjqUH,16.82932,49.14216
aworral9,mpiniur9@last.fm,teM0SU96p,20.93,44.66278
lmatyukona,cmckendoa@networkadvertising.org,yZaMTI,-96.7163,16.9352
hstanleyb,ggallierb@state.tx.us,wne9BnP,-5.13023,34.48922
blevittc,bcrutchleyc@mozilla.org,VfX5PYmY,113.54317,33.62184
clarbyd,rducarmed@scientificamerican.com,52ZpUZsnWOdb,9.00472,4.2475
sbrashe,bsingerse@discuz.net,TxHdY2xc,166.21667,-21.61667
dbaxsterf,awalfordf@ucoz.ru,47faYt,111.10098,21.51277
coxberryg,mjervoisg@xinhuanet.com,zgtfXI8fYwAo,15.4371,60.4858
mlowneh,jwheadonh@home.pl,NLIuRWT6Z,-11.16667,8.88333
fizakofi,gklaiseri@biglobe.ne.jp,mtrZaFyF43u2,113.8758,-8.0843
brosettij,avinallj@opensource.org,Ofh9mB8C5,-5.1403,34.71923
uabelak,nmckennank@auda.org.au,BnBNI1RK26v,106.3566,-6.9099
rlucianol,dlucial@jiathis.com,G2Y5eWh6t,-82.43308,49.41694
jrissomm,arentollm@reference.com,niG15ZRLc9,-90.06667,15.3
dsaiensn,lpalethorpen@who.int,vxZVFhhYfxqR,-172.17768,-13.67147
srowtero,atremeero@adobe.com,tpEPbeQ,20.2,41.4
jmacaughtriep,nwealp@youtu.be,aobBbjWlfeq,2.3849,48.8157
ptatamq,gmounseyq@biblegateway.com,jF0HB3RU,115.78189,29.72504
ppickrellr,sdunfordr@domainmarket.com,LJ81E3,111.5147,-6.7202
arepps,bbracknalls@engadget.com,caKaXs9BB,105.75635,10.29085
latkynst,kbrandelt@squidoo.com,LwU9Tfs,109.13651,34.17095
wstogillu,ktyremanu@mayoclinic.com,TyZntYQ0g,113.88157,22.9999
vferrarv,cclawsonv@bbc.co.uk,HuP8Qb,19.37868,49.8371
fcromblehomew,zteaguew@weibo.com,HN9RkL,98.4854,3.6001
rdeighanx,afrangellox@issuu.com,soJ5rwZa,23.93333,37.88333
ogreeniny,mmcilvorayy@ihg.com,NpEeT4uGE1ns,20.02885,49.61455
estuddz,acaesarz@si.edu,W5ZppNAWfF,124.3317,-9.5953
kbeautyman10,sramsay10@eepurl.com,IUy3Pk4hYCT,139.06861,35.08944
drilton11,skingaby11@flickr.com,MMeMhiZp,21.08208,51.90425
dfeatonby12,bzohrer12@ocn.ne.jp,SPijl1Kj,-87.66667,13.46667
pgarwood13,caikett13@uol.com.br,Ms9Z7BV,31.9926,52.1693
mvivash14,ljenkerson14@unblog.fr,q5wBfiwuT,30.64649,31.13305
aaffleck15,msommerlie15@sourceforge.net,xSFRGmaDOPk,111.7021,-8.0589
jwinch16,ndinse16@rambler.ru,Ak1U14O3,19.08973,49.76282
tferronet17,kfadden17@bizjournals.com,XUq7ebJf,112.86356,41.60893
tvigurs18,toverton18@google.com,OpRdVlKa9,-91.0892,30.392
hjellard19,dkave19@github.io,PV2yuy6KyJVd,70.78902,38.45373
sacton1a,skowal1a@pcworld.com,5iuHjMXfzt,38.02112,47.80591
dmacleese1b,kdebow1b@usatoday.com,504olOhAI,119.407,-9.6355
jthams1c,cteresia1c@vkontakte.ru,QscbTU,2.9253,47.411
wkarpeev1d,slippini1d@apple.com,v2hsIRgLK,123.6395,11.0786
hlathe1e,jbalwin1e@mac.com,xWfwIbFP,-76.81667,-12.33333
asmales1f,mshirrell1f@zdnet.com,l2XJTXQtz7,-75.06667,7.18333
bhustings1g,kcobbin1g@moonfruit.com,MNR3CJLio3Ql,-56.81667,-26.96667
mhansen1h,vcapron1h@nifty.com,tf9hrhGBxd,119.23028,30.10361
ihlavac1i,strighton1i@umich.edu,wRqkufG,122.5685,11.448
mcanter1j,kscoterbosh1j@epa.gov,TtGca2tqajmD,111.6054,-7.1257
jloadsman1k,mstileman1k@state.gov,sV2JrgRNY,42.06206,36.81138
ahooks1l,hcarnoghan1l@archive.org,k46LrA,-149.31667,-17.75
bpieters1m,jstonnell1m@360.cn,iSmbZXrSuZ,34.11169,0.46005
mbatchellor1n,doldroyde1n@mayoclinic.com,5ZLQhFrP,111.79139,28.75944
mginity1o,damber1o@google.cn,WmCv4pEG3bCS,114.86605,28.64295
dgrollmann1p,gpaulot1p@smugmug.com,WUp4KT0T2OL,104.66667,12.25
sgerok1q,bnawton1q@timesonline.co.uk,WPjfBHkq,21.83333,61.1
bmcclay1r,lstclair1r@networkadvertising.org,a7tURPzQs,115.72826,22.86221
jhanburry1s,dgravatt1s@mayoclinic.com,Qa2ItgLQlvG7,-89.84222,13.75028
uvonhindenburg1t,tjeannon1t@tiny.cc,dE8MzX99rxy,120.56465,28.25226
rblowick1u,anorsworthy1u@technorati.com,H1MzY2ELIND,-46.79806,-21.96917
asalthouse1v,mpiechnik1v@yahoo.com,PJ8h0eV,119.5816,-9.5875
cdugall1w,jportman1w@sogou.com,Jc19S8gpHy,-8.6167,41.0833
pbrizland1x,wstockey1x@purevolume.com,turuULoqZwO,18.63566,3.65332
tregglar1y,fbroodes1y@webeden.co.uk,ERZA6TZF,133.43333,33.55
kjayume1z,spenn1z@photobucket.com,8VhEqQp,105.75563,29.81882
ecraise20,lhazlegrove20@bravesites.com,ozG96J0FB,-79.39909,43.76672
npes21,bstainson21@slashdot.org,ZQfZeBklDQn,30.97388,-17.50404
edyers22,olettsom22@earthlink.net,ZUDTUGLJJt,177.14511,-7.24562
ostears23,bbentame23@elpais.com,Bl8Eq2Xc,50.54778,26.21861
rarney24,cinglesfield24@github.com,wQxLdNjpF1hd,85.96392,52.62231
pbartol25,tcollinson25@buzzfeed.com,afvSs8zYpHUS,36.16524,47.65238
nopie26,lpurches26@bloomberg.com,D3cHMb4TkX5L,-56.1773,46.77914
wkleinbaum27,jpresser27@phoca.cz,wBYTgc0HY,-40.7475,-4.16694
tswate28,cspours28@dion.ne.jp,ed5cBEDv,-8.5417,39.5117
crudledge29,kpringour29@hao123.com,esMAuTGJ,-79.57139,-7.40056
fsnedker2a,hvardy2a@bloglovin.com,Y43QX3N,90.64403,22.68759
cmcmorran2b,mguynemer2b@alexa.com,DvvGVySZSR,18.96389,50.78015
somond2c,dminithorpe2c@blogs.com,c3fbS6B,108.1826,-7.7376
ssollime2d,hmitchel2d@msn.com,MXg3A2jes,65.39361,62.14056
kburkill2e,awixey2e@prweb.com,Na8XxdJvGQR,133.81667,35.43333
tbarnwille2f,eeddoes2f@nsw.gov.au,dYGzuJO,-8.5833,40.6333
mtrineman2g,irobens2g@symantec.com,UOZpsz,101.28403,13.58467
bwalkowski2h,dflacke2h@wikia.com,XVRfm4yY,13.3598,38.1158
hmorefield2i,gstocken2i@thetimes.co.uk,Igw9jopKWa,25.01667,61.08333
vmilch2j,rlongshaw2j@cargocollective.com,GDQVMkRPmYZj,16.69361,43.61528
edurrant2k,kplaydon2k@google.pl,fJw2Va7gla,35.69999,31.18248
alambden2l,dcurley2l@twitter.com,hX4Za78x1No,107.80295,-7.67916
mgherardesci2m,pcarpmile2m@amazon.com,KkWlV9EjXGH,-49.3,-28.71333
ttardiff2n,lhousbey2n@macromedia.com,Nvj6BQ,27.43372,62.37899
ccosson2o,gibbeson2o@163.com,pWnVvVN28S,-79.937,32.7831
kshitliff2p,agambell2p@arizona.edu,KVgUVta,111.5459,-7.2368
apretsell2q,wabate2q@toplist.cz,QdDDWEzyC,-95.1728,30.0042
tkeely2r,mjevon2r@illinois.edu,ZqkhSQiT,30.67314,60.01512
cculpen2s,kbrentnall2s@trellian.com,eN8xoI,7.743,48.5834
cjenkin2t,djanas2t@ning.com,lDAQRr,34.37916,35.59719
eboneham2u,plittrik2u@sina.com.cn,kMASPvHSM,36.77473,32.73932
kshorter2v,mrummings2v@51.la,8uhTtdbaP,-106.3,31.6948
glewington2w,mpender2w@patch.com,F7bSydyEHk,33.3387,53.7361
llearie2x,htofanini2x@noaa.gov,Yv5dBb,107.0267,-7.3212
deverix2y,dcamelia2y@pinterest.com,yHYq4p2Y,-111.7188,33.4707
nofield2z,dvosper2z@multiply.com,jsDNpxYfq,-46.56139,-21.78778
tkose30,rdigweed30@istockphoto.com,7PzmYgLtpIbq,-115.9671,34.84
smardlin31,gswalwell31@fda.gov,wHwYKR2egll,43.85083,43.5575
cluxen32,tchilley32@jalbum.net,urtbvb,-72.94783,5.95568
gpiken33,mcagan33@hibu.com,66WWZfFE1O1X,120.26719,40.93805
emccue34,singall34@imdb.com,WSIXxr7rw,105.23888,10.79832
mlibbey35,tsussams35@vistaprint.com,murWA7WQ,120.97685,17.08731
crobelet36,mrigmand36@ucsd.edu,yg9iY99ls1XW,14.48831,53.25243
mfairbank37,tlefeuvre37@t.co,i5QGNNDzlN,-1.21667,6.61667
rhanning38,klampett38@eventbrite.com,DkOawoK,-73.91667,5.26667
cbinnie39,apapis39@bloglines.com,agXQL7Yy,111.859,26.5844
tceller3a,mcolegrove3a@sogou.com,lomFZEq1NM3,-7.45,38.75
kgomme3b,bconry3b@odnoklassniki.ru,7aIR5kZ3,100.59436,54.39948
hcoulsen3c,erealy3c@livejournal.com,MML2AG0TwSN,36.74152,34.1527
bbassford3d,amarples3d@adobe.com,cVFnGAz7SLO,48.85306,53.125
acollcott3e,pbelchem3e@mapquest.com,1YGyia,124.73361,7.75778
jdureden3f,mesh3f@about.com,WIhQ0dywtbJ,176.98545,-37.95855
skealey3g,tcoultish3g@friendfeed.com,sLXtzVWocx,16.3631,49.188
lricold3h,gagirre3h@canalblog.com,JlK2EQ,109.16667,-6.93333
rspadollini3i,aroskams3i@networksolutions.com,M3esXjxLvg,43.28811,17.18126
tfowgies3j,bsalmoni3j@princeton.edu,abv6UAwy,19.10471,49.97971
dohenery3k,zjedrzej3k@utexas.edu,48YkifBErA,116.5726,40.29005
kbrundale3l,kcoweuppe3l@comcast.net,TrncGtD8,36.73307,55.38752
mcaneo3m,bwooller3m@youtube.com,0awWQBe,30.2625,53.7352
hkirsz3n,cabbets3n@dagondesign.com,65Jgddz7eXk,106.2056,29.07541
rbrosnan3o,wbushby3o@studiopress.com,e4Rg4ja2gUSv,-80.97306,-4.87722
eosirin3p,fjeannet3p@dailymotion.com,yYvxmJ79Ql,70.9425,40.52861
evanderkruys3q,kmcilory3q@live.com,Pjzi6WmjBqHc,23.28146,53.30509
rdaine3r,apurkess3r@weebly.com,xXtyW7p,108.93833,27.3575
rreape3s,jtwiggins3s@rambler.ru,IdzDj3AZ,111.87012,29.60487
abosch3t,kbridgman3t@businessinsider.com,jShyCC7k,-128.65342,54.05244
atopaz3u,gbuer3u@msu.edu,YgHTG1pbE928,108.5037,-6.711
brobker3v,tbottoms3v@salon.com,ElnJkoB,-65.00619,-31.721
tbretland3w,idufer3w@webmd.com,V31wJL,-74.58846,5.97584
gnovak3x,mblanpein3x@cargocollective.com,OyNhUf,34.00183,34.98213
egriston3y,aorhrt3y@alibaba.com,6Q5PlcMbOl8,-16.2546,28.4682
kwoodhams3z,hsimcox3z@blog.com,6UdE9Pwvg,-5.34458,34.80321
rmeasures40,otheyer40@webs.com,6JINSy,119.4717,-9.7028
cbeecraft41,cchaim41@sphinn.com,gjjV09,0.3615,46.663
sohern42,awestoff42@reference.com,IWApN4ihI,10.3951,63.4305
adansey43,sspilisy43@globo.com,bX45YrqEB3E,-86.67608,12.33953
mgoldby44,asmooth44@behance.net,YRBZKxslINsx,102.88919,35.67881
bchessun45,rbrinson45@blogtalkradio.com,UOLEUCtzVoAf,107.51809,28.54964
rdykas46,smccoll46@google.cn,L4YSCdS,20.28222,41.52194
tpaulot47,pdorr47@nsw.gov.au,QUBVdT,110.26294,19.89384
rfulks48,bdemars48@mlb.com,5XXWRrSJ7e5,113.60577,24.8222
gunger49,ijaze49@miibeian.gov.cn,MdzJJ1Pehm,122.9236,10.1785
abuckam4a,ksevery4a@abc.net.au,V8Zk80Xd,113.3338,-8.1942
bderyebarrett4b,pmeese4b@independent.co.uk,D4FH1C9j4gVa,-0.3774,39.4698
ecurr4c,hblasik4c@t-online.de,Ns768NMpm,6.139,43.1195
kknipe4d,vdorgon4d@uiuc.edu,upv8cuzK,95.43257,48.58876
rjuanes4e,pprobert4e@adobe.com,D03MumQ,-38.91944,-12.77778
lvenour4f,gsaby4f@tinypic.com,LTFRsg,24.11667,61.1
carmfield4g,trollitt4g@slideshare.net,KAcGKaM,69.01354,38.55632
gfielders4h,bboutcher4h@ted.com,EPXdJFtkF5ZD,69.13343,36.0649
shambrook4i,cmatveyev4i@thetimes.co.uk,3e0w730Nm,-8.5583,41.9333
rgrube4j,pmingaye4j@xinhuanet.com,1xPurDz3T,113.38815,23.75056
nbonds4k,icottam4k@ask.com,00K0jMu,15.11881,50.14242
cgrimm4l,fbarhims4l@boston.com,PBEqcwON,,
bframpton4m,afishbourne4m@wikispaces.com,Ex7InpxZN,103.3686,-3.7011
rhasely4n,lpotteridge4n@weebly.com,FhzZpTwHCbor,46.68794,32.46186
hskirlin4o,dcoad4o@go.com,1VI4jgQ2,110.9,26.63361
citzkovsky4p,fhavers4p@pcworld.com,kJI5bW6oHJ,123.745,13.7088
wferens4q,baskin4q@ucoz.ru,sAe7Sq1,48.34204,37.68585
scamolli4r,rzylberdik4r@skype.com,9AVaqB6ItSbT,37.68333,55.61667
jjeannot4s,atoquet4s@blog.com,7ySJo3pqty,120.5147,15.6633
arime4t,gmathivon4t@seattletimes.com,av8EtdRRq6x,-8.3167,41.0667
fpumfrey4u,msawdy4u@altervista.org,5B2BdctX,60.06276,42.12215
iskeates4v,sdaunter4v@guardian.co.uk,J35TyMMqmI,118.1276,25.64526
hleball4w,ekeaton4w@sciencedirect.com,UUcxa7mlCwT,15.68139,46.45194
cribeiro4x,sclouston4x@cargocollective.com,K7FHT1CczWm,119.06,27.69944
kbrunel4y,wdeem4y@ask.com,WgKhX7,112.61085,23.18755
dminigo4z,mwoolis4z@cam.ac.uk,PPkuvW,44.09595,55.81025
sfronzek50,babrahamoff50@hibu.com,5Y4i1ZI757by,18.45334,50.19003
alenham51,kwetherby51@cbsnews.com,QXo7Map,-8.7278,41.5333
cguage52,hpittson52@dion.ne.jp,2k4gN7,12.8568,56.6745
zrattry53,ocrudginton53@theglobeandmail.com,V0GnAFSX,114.82338,30.20945
fpatching54,aprester54@artisteer.com,V0qvk0ply,18.42764,44.87851
awoodham55,tsprackling55@shutterfly.com,fIE6HCaCO9,23.81667,62.63333
jrowena56,pchristofe56@earthlink.net,HV04I1e,25.34855,48.17882
etillyer57,meustace57@ebay.co.uk,psriXNI5C91,124.99917,10.16
dtuny58,lastill58@gov.uk,sp8wpQuTLi4,10.76488,-0.17827
bmatthews59,sjanata59@sakura.ne.jp,KR318kEY0a,106.32376,30.08274
msnoxall5a,jyakovl5a@canalblog.com,EG8OvtH,119.96333,30.40056
aavrahamy5b,fmussett5b@is.gd,tKiTyoec,17.08333,-23.31667
pbruneau5c,mblythe5c@nydailynews.com,72Uj2zujkIg,5.07692,7.87377
vwarrillow5d,gcaplen5d@discuz.net,0ohnyJU,15.23555,46.15463
kolorenshaw5e,gbrumble5e@intel.com,ERfjpwuuVp,-8.85,39.8667
pitzchaki5f,dgiacopello5f@loc.gov,yflvMwKa0,113.9938,-6.9609
ltripean5g,slasty5g@skyrock.com,Ut8KPiB2,21.75506,32.76272
cvankin5h,cglawsop5h@wix.com,ygVZhYZL,113.35741,39.212
gmacmenamin5i,sstuart5i@scientificamerican.com,W05sqtGjnjkO,109.60266,51.6162
hhark5j,agartside5j@dropbox.com,4Bip43,122.0902,13.7838
vsiddons5k,bmacgilfoyle5k@goo.gl,WF2g7wsA,120.4342,-9.8594
epickin5l,ctumulty5l@networksolutions.com,as0BmdBu966b,19.98028,40.35167
tedelman5m,ddoak5m@issuu.com,hpaAJompZxzh,30.12843,31.13385
lduplain5n,ccale5n@jimdo.com,M0zdGwU,70.20944,34.67139
ktoffler5o,jgress5o@intel.com,jPmR6hJX,120.5247,17.4471
jmanvelle5p,ecoskerry5p@wunderground.com,hwJba8m9,121.0726,14.5391
kdemarchi5q,oginglell5q@economist.com,qm7OuQC,119.9949,16.33999
escotchbrook5r,lclaffey5r@nymag.com,8RQupK,92.92528,56.11583
rkleinsinger5s,sroaf5s@tinyurl.com,by0qHWvzL,114.07272,28.10773
cbrambill5t,cboyan5t@unc.edu,qQ8b97,-90.76944,14.53972
cstolting5u,jmcgeneay5u@wisc.edu,ufpbXaCQ6Bb,-8.6,51.91667
fbeastall5v,bchurcher5v@census.gov,l5HKzC1P,108.09098,28.80711
pbocke5w,jlygoe5w@shinystat.com,F8g1ZoJ64JZH,-7.9878,40.4572
stouzey5x,kvorley5x@friendfeed.com,KbVyFaqGbA,-79.60028,-5.37306
fjaycock5y,cboerder5y@paypal.com,EUoZsSR,111.4181,-8.2025
ldows5z,deustice5z@facebook.com,LQKorEzHof,115.19035,28.13042
dscain60,rpenchen60@ca.gov,JdymOm6P,108.8309,-7.197
cjacombs61,lwildblood61@deliciousdays.com,omziSDM4u0,18.00427,50.37322
manker62,pskoggings62@pen.io,DAcFgkng7f,13.8237,58.7097
arouby63,mnornasell63@msn.com,iDFtxCt,12.4839,41.8947
geaslea64,astorch64@hc360.com,AGsNyhX1,111.15023,22.707
astorks65,tbrydie65@cpanel.net,3yv8MnyU,114.93293,23.41382
dkealey66,tguyon66@cargocollective.com,YxUuWK,111.1048,-6.7565
cclemenzo67,bgraysmark67@opera.com,ckzxgpY,133.18333,33.91667
vfozard68,arunacres68@example.com,27SjFL6UHtd,100.16972,38.96583
disbell69,kschelle69@upenn.edu,2qmdbB,116.06188,23.4985
asterling6a,emcsparran6a@whitehouse.gov,SHG8P3Cztc,14.1081,59.3098
aemps6b,lboays6b@imageshack.us,KP9Pup4,34.34464,44.578
hamoore6c,mschulze6c@hexun.com,z5n6KWg,59.965,57.91944
theelis6d,aitzkovici6d@pinterest.com,dtMG6qjNQ8f8,44.27622,16.90641
bmordey6e,gosler6e@shop-pro.jp,IMTWTMLhJBi,17.38141,49.03159
lemmet6f,jbending6f@dedecms.com,mxzPT20P,120.17117,30.3883
vcrepel6g,sposnett6g@prlog.org,tVLl3pFUHMF4,49.6,25.48333
ebrastead6h,wwinterbourne6h@ebay.co.uk,PghjQx4YHutX,17.9819,59.237
tbuswell6i,vcheeld6i@freewebs.com,ZWo56ZKw,37.63333,55.85
rderobertis6j,mfriedlos6j@mysql.com,h0pil1JRB65z,129.17083,37.44056
spregel6k,tcunliffe6k@flavors.me,k7KlrEUVQPd,119.1631,-9.64
ploiterton6l,jcrown6l@t.co,WJRaju89Hv7q,-71.254,42.3319
bdauncey6m,fstratton6m@eepurl.com,uMxtC1zG,-12.66667,9.4
kkopf6n,fenglishby6n@cnn.com,ojf1vm4aQ,112.41202,33.01686
dsatterthwaite6o,bragsdale6o@discovery.com,ayNrwuZB,118.77934,25.91675
spere6p,hmatas6p@umich.edu,nDZ5qE4zrR,3.38327,11.86819
mdunham6q,ccarryer6q@google.nl,l3BKVzB1RC,68.01551,36.26468
keilles6r,tmervyn6r@omniture.com,EiamQVrGRMq,36.93333,-4.2
dfrancesc6s,nclapshaw6s@apache.org,gQzIXG7i,42.2457,51.1945
chowick6t,sfeckey6t@hatena.ne.jp,WeDmrwbLEps,102.25808,16.10864
coki6u,dballe6u@hud.gov,wgaXwF,112.09348,23.23264
agorbell6v,jwhyatt6v@plala.or.jp,8aELM9wf,0.15,45.65
mmeaton6w,tbrookfield6w@europa.eu,kXRfkApNZOkS,101.42874,36.04408
ggiberd6x,wskynner6x@php.net,3eMYZav,54.01978,46.95307
fberdale6y,rashman6y@mapquest.com,3HPcWf,113.1954,-8.2142
apiller6z,tgoadbie6z@engadget.com,wy9PVdon3OEs,25.77173,48.36492
hpeyes70,jguislin70@archive.org,3orcCEsRKw,17.20111,43.49278
jramberg71,ufaucett71@un.org,XbeSpjrZ0,-90.63917,14.41611
kcowen72,mspeares72@yellowbook.com,F5piE1ioQeBo,-48.55806,-22.49472
jtallman73,dmckerlie73@amazon.co.jp,MmNZwQrvz,26.48069,37.5785
kforkan74,apatullo74@prlog.org,9opPt4zA1t,4.0333,49.25
celnough75,lnapleton75@microsoft.com,SkAEd0,-81.16306,7.98444
apierro76,bcastellino76@ucoz.com,N2NgdXd,103.7642,-5.03546
pgasquoine77,cpopple77@acquirethisname.com,vCYCLXVeWYBt,110.14194,27.70806
astadden78,alerohan78@cnn.com,PDuSqqd,-86.93333,15.7
cgobourn79,tshea79@tiny.cc,Qo8Omc1a6,,
efitchew7a,sswain7a@friendfeed.com,1bfgKW2nLFl,59.33483,57.23017
bburley7b,pjamrowicz7b@bigcartel.com,7OHsU2SGzl,110.05444,29.30833
cseiter7c,thellier7c@who.int,uolTk4,-122.25257,49.05798
jroughey7d,kfitzpatrick7d@harvard.edu,ow1CvmWO,106.27306,38.46806
wbirden7e,mcasino7e@chicagotribune.com,ebDqeC,15.9926,59.514
nneagle7f,bmaccallam7f@ihg.com,C7Igw0c,106.12704,21.38748
bhowtopreserve7g,ibalm7g@yolasite.com,pzHy81BlfkNU,20.29198,52.81983
alempke7h,gyurevich7h@macromedia.com,Meue2b,108.1333,-7.5126
syellowlee7i,vblazy7i@google.fr,JIu535C1zAPB,120.91558,14.25814
bprobat7j,jglazier7j@google.nl,ZrrNZAmppmg,-50.86833,-21.22778
mbruntjen7k,arisso7k@cdc.gov,jEnaTw,32.72703,62.71912
gnewbigging7l,dwoodcock7l@google.ru,mAx1mltL,-77.9162,39.5207
mmaddinon7m,kstebbing7m@google.co.uk,H3Nq1dJa,20.60153,45.0707
estut7n,dgrumley7n@washingtonpost.com,z8JNbV,115.41114,23.63083
vheintzsch7o,blipman7o@live.com,qucqOMI,73.4136,5.76687
fbrock7p,wmckeney7p@mail.ru,TQwJfIva4sr,4.0333,49.25
kohara7q,mlabrenz7q@ebay.co.uk,z9jsRWe,12.3906,58.356
gcarlet7r,rmalden7r@domainmarket.com,b24NS9Mos,107.9984,-7.0526
tnewport7s,cgarstan7s@soundcloud.com,S3yQS2Q,166.21667,-21.61667
hcollishaw7t,ocockcroft7t@histats.com,oTXpOTkv1Xc,46.00013,43.24206
ebreedy7u,lprobetts7u@pbs.org,6SR72aNN57,108.0074,-7.1595
lpockett7v,areddell7v@linkedin.com,4Z4fsg,5.3042,51.6992
ndoughton7w,abriar7w@wikimedia.org,9r430zW168xs,26.16667,43.45
rdoudny7x,mlow7x@samsung.com,sU7e7lAgmx9k,37.76861,45.43306
lcuree7y,pcolliar7y@sfgate.com,0vYyIkOSA,-87.6378,41.8756
fcicetti7z,rraffan7z@squarespace.com,wrCyWk,106.39714,32.09187
vwurz80,bsackler80@oakley.com,ItAoqb,-65.85823,48.16059
lounsworth81,mbeidebeke81@wordpress.org,atOxKiLxZ7r,-79.90139,9.35917
hharrema82,mgregolin82@ucoz.ru,qvclQfo6HAn7,-1.5534,47.2173
fricht83,ghofner83@deviantart.com,vUG2dX42q,106.18578,50.08578
rwynch84,jjosephov84@ihg.com,KrmQDKSLn68d,-98.6551,23.671
idemaid85,nscothron85@photobucket.com,2v8Voa,106.50762,10.51271
jjentle86,laickin86@examiner.com,GKh6r3GCSeN,20.58392,38.176
pcreavan87,sradish87@elpais.com,sxegbu1S2i,64.78361,35.92139
dreddan88,ecahani88@prlog.org,RikvCvoKH,122.75083,7.77028
fdrover89,rlegg89@dropbox.com,aCDqypmD5,112.3763,-8.2538
lpyer8a,akyberd8a@techcrunch.com,COu4lbWfRcL,-71.3977,41.8267
bspurett8b,ocoste8b@ihg.com,svG2BrM4AS3X,6.7836,51.2165
jtutt8c,cwestfield8c@livejournal.com,SUxRD65JQ,114.7166,-3.6184
dballston8d,pknightly8d@army.mil,jzJ4WaOQXgpy,12.9401,57.721
hmacsherry8e,ypottberry8e@alibaba.com,1HvCQ57o,15.6167,58.4167
oblock8f,jvallentin8f@yale.edu,62HhcwNdR,-88.5,14.83333
ckleinholz8g,hlongmore8g@cdc.gov,ksJVmwUm018,-42.53667,-19.46833
ldike8h,ccauser8h@arstechnica.com,PsuufZybB,-106.3,31.6948
dannakin8i,igillum8i@indiegogo.com,WCxHIAAf,109.17753,28.45936
wmabbutt8j,rjeannesson8j@xinhuanet.com,5B7PE3PV5V,119.88457,31.48474
slogsdale8k,gfattori8k@bravesites.com,eCLlrPMoa,15.1878,60.1496
gvasyutichev8l,mfilyukov8l@oakley.com,GPK8mPAwaMB,111.0889,-6.6492
hmengue8m,kflores8m@blinklist.com,l55z0oFmlxu,120.10588,37.42048
sgoby8n,kbuick8n@typepad.com,8EmVaXc,117.86574,29.47235
nbikker8o,agittose8o@wsj.com,AE0uib,33.14721,46.42476
iroddick8p,mponton8p@t.co,HXzuXRL1ZhdF,37.66727,55.07523
gmacnamee8q,grolley8q@stanford.edu,JLiZGK,40.545,49.93577
agrubey8r,ldahlman8r@artisteer.com,oaULlZn0gHc,15.23555,46.15463
sgauge8s,josmund8s@angelfire.com,Fp9GQWATP8,73.17623,42.86772
dcrier8t,bodcroft8t@umich.edu,p6DSFcK3f,107.36811,-7.42303
edoneld8u,gshubotham8u@altervista.org,XsGrTXs,112.889,29.84328
pwarmington8v,rlufkin8v@mapquest.com,QVLSB2wON8qK,56.34141,25.11641
kmcilvaney8w,ghatchell8w@ox.ac.uk,OHc7IlDbSS,18.00307,54.78797
rkimm8x,zjohnstone8x@livejournal.com,MvYfZNybeeX5,-71.70083,-15.66083
tlaydel8y,sscarlet8y@bbb.org,tY8uQ74M11,119.9325,30.27528
bcastro8z,hhubbock8z@biblegateway.com,Ziz5z1I7,26.51667,43.76667
dwyatt90,dcarswell90@tuttocitta.it,P9G2t14mt,108.2327,-7.2845
pmarzella91,arawcliff91@last.fm,Y7Qt15Lhcf,111.8995,-8.0503
nborgne92,mzimmermeister92@army.mil,wtf7P1Ip,116.86917,25.64917
bbusher93,ffagan93@fotki.com,8vGdDc3j0e,123.8017,48.84969
bagget94,yarpe94@google.co.uk,DwkGpTwEmeF,19.81139,43.46056
linold95,rodcroft95@meetup.com,aoHjVaD3fB,22.58394,52.26816
rbasili96,bgeertsen96@phpbb.com,SIKps7BF,-9.2667,38.7667
grideout97,sdukelow97@e-recht24.de,rwwcsFBKT,104.81379,36.72752
mgarham98,hminkin98@nature.com,DEfnb7zOF,-2.26075,12.9591
xbernardos99,ldunstall99@goodreads.com,oWxv2BT69,125.2459,48.87904
htomaszek9a,djanney9a@smh.com.au,TYy6e1YLxTeA,123.5835,10.3148
rcouthard9b,mmulqueeny9b@intel.com,GhCySxN8Ys,115.04814,30.24706
rhumby9c,cvancassel9c@unicef.org,4EtXD8tCCQB6,109.08917,-7.54528
fbeckson9d,jdaws9d@list-manage.com,VFlKiVf,110.31647,47.38254
amasdin9e,atuckley9e@epa.gov,Qi2a4tNFQ1HG,70.44622,54.90521
emcilvaney9f,jgeorgiades9f@ovh.net,5hUzmb,19.03556,45.14028
lmacpherson9g,sbarby9g@reverbnation.com,UaOatQ,18.4348,51.37033
bgrancher9h,wmccuis9h@howstuffworks.com,VIJWtD45eO,108.18765,34.86565
gcoling9i,nsauvan9i@illinois.edu,EuxBIRAJQ,-60.7292,-26.68532
mbattin9j,edabbes9j@goo.gl,hdS7psjp,-8.5922,40.3227
bnulty9k,ereyne9k@cdbaby.com,OgPhGtBzsY,115.14208,27.30231
egrafton9l,scraker9l@msn.com,GJdZnbqw,106.84989,33.69211
maiken9m,salanbrooke9m@sina.com.cn,sv7Yt7jpcCT,111.6902,-7.1476
ecurzey9n,sconduit9n@cmu.edu,1RDChYIR8P,-96.7776,32.7673
afransson9o,imorpeth9o@fastcompany.com,CGpJN9goJY,12.48845,32.79335
apeckitt9p,hdominka9p@wikia.com,UOvZ7BfwkLH,48.29184,54.97119
taxell9q,ldart9q@gravatar.com,yhrvKFJBxoMd,6.3906,45.6745
reades9r,rtalks9r@51.la,KzpYhP,108.7246,-7.0504
lpantry9s,lpurselow9s@nasa.gov,e0yngKabl1tQ,23.12553,37.4123
jringer9t,mgiraudo9t@ftc.gov,yIL7aneFim,106.90531,33.1434
glanders9u,bmeeking9u@lulu.com,TCxwaYal,109.22737,34.49017
rcornill9v,mdorian9v@blinklist.com,o2mYcUxp7,-44.91889,-20.94639
cknowlson9w,kbarkley9w@ed.gov,Ub8iNOupWjO,-9.2833,38.7333
fhurren9x,bsoles9x@nsw.gov.au,TFQRlc,127.3841,36.4311
ebirckmann9y,inormanvell9y@etsy.com,HWpyuiBNiAGK,48.28113,41.7011
bgoulborne9z,mallday9z@washingtonpost.com,4dMud9HX,107.8925,-7.0744
wnaldretta0,ohavelinea0@reverbnation.com,CYMLqwTb,114.00893,22.65784
rlicasa1,idonnea1@twitter.com,4uF1MkT2Me,-41.85583,-11.30417
ndavineta2,bpesselta2@typepad.com,nGhj6b,124.57472,6.77389
eparadea3,ggagina3@tinyurl.com,ho3AGL,18.72208,52.62926
ffendlowa4,hboylea4@google.es,Y7WOb5U7m,110.89199,28.91925
pjaggia5,escranea5@ebay.com,Sva4J4dOY1,3.0586,50.633
gdobsona6,gcastlemana6@skype.com,aTv1GCvlh5,92.82629,31.80771
jmathea7,olatteya7@google.pl,sz1nT9WxvxKQ,71.55523,34.2139
lhanshawea8,bwooffa8@biglobe.ne.jp,Gpgl5v9yxhC,106.2287,-6.5369
lolyeta9,whubballa9@netscape.com,ohsotPEh,110.95854,35.61347
nrotheraaa,aaberkirderaa@shutterfly.com,CM4NeejnEuC,112.2795,33.13652
genrigoab,ccheesleyab@cpanel.net,yi4MJ73JLnr,122.45,10.8
temlenac,zberfootac@netvibes.com,Mwzpxby1,-0.6667,45.1333
crudhamad,bthornsad@nyu.edu,1FbV4i4ZbzI,117.32358,26.04971
twytheae,dwestrawae@wp.com,lNLYRDby8g,119.51667,49.5
hbeertaf,chillettaf@hhs.gov,0VD1a6yGw,98.79039,39.78916
bivanuschkaag,hsatyfordag@ucoz.ru,uwpsZgg,10.05332,5.44397
cabthorpeah,ddulakeah@last.fm,RL0mH5Z,32.98333,-24.53333
denriquezai,jfaulkesai@bigcartel.com,CqBYE8DP,132.15643,43.20417
nlattieaj,fsoutaraj@prlog.org,n04fyr7,108.8075,-7.5097
gpendleburyak,ldannohlak@sun.com,XG0MNF,112.65979,23.41911
cgliddenal,tdelgardilloal@dion.ne.jp,BKVLEuJtUfiO,113.1323,-8.2261
rewingam,broubottomam@ucoz.ru,Rgy8MbyPEZw0,21.80941,49.71555
sackroydan,tchallicombean@boston.com,FY2FleCweF,-119.7526,39.2025
tfallowao,lbroskeao@princeton.edu,wJqi8DQ,121.48333,46.06667
efawlksap,bfawcusap@wisc.edu,dzFy4ZbvqLX,-51.67083,-23.5475
baskwithaq,hcaldecourtaq@mit.edu,1eYds74,116.16883,23.4355
dgreenhalghar,fdenfordar@chronoengine.com,PDPwlMT,3.9727,50.2788
vmugfordas,csawyersas@fotki.com,L9IDaem2y78,124.44438,47.51881
tdigglesat,rcammockeat@soundcloud.com,xO38pm7dNG4,124.7,10.95
wkelkau,etullettau@sohu.com,8nM7F6dDDxL9,106.5669,22.4979
rrebeiroav,hsmurfittav@npr.org,mv1bC8X,103.30372,23.69767
anelleaw,mjarryaw@istockphoto.com,vhNKaKxzGJ0c,106.55575,20.82294
rchurchleyax,mcambdenax@123-reg.co.uk,CDOU64wLyvmt,-1.7137,4.934
odulwichay,awileyay@tinypic.com,ei6LBVFWjk,22.35643,61.25647
abugbyaz,mfortesquieuaz@constantcontact.com,zEHgOj,30.85073,48.04433
dvaggesb0,wphliponb0@google.pl,vCP2qaNf,123.25793,47.52548
amitchamb1,hnicolsonb1@wired.com,Gi5eas9oA,125.42833,11.87
dolearyb2,afochsb2@123-reg.co.uk,A1E59lzzjuo,18.296,57.6409
rdyzartb3,blongshawb3@senate.gov,z2KaffTmIu8,106.36717,29.64412
sbarstowb4,sploseb4@house.gov,Hvej66NE3X,-80.74224,-5.40232
anethercottb5,imongainb5@eepurl.com,7V2LuqMYbK,-84.83836,9.97625
jbeadnellb6,jalsteadb6@intel.com,G48xRU,2.3183,48.8763
bhulcoopb7,gdearsleyb7@artisteer.com,LoSTF3hSHDbH,123.6395,11.0786
enangleb8,dfontesb8@state.gov,SwNDsTd,125.50111,11.49917
rmccreathb9,qmossbeeb9@wix.com,CUdrKbAKQjdJ,108.7599,-7.3002
zgiffkinsba,cswireba@google.com.au,JMgwUJk4jDI,-7.9667,37.5833
dsienebb,gdinningtonbb@ezinearticles.com,O9khiQWEX,35.22228,32.15949
bcorkhillbc,mdawdrybc@dell.com,pLDQAHjl,125.22507,47.95106
gchansonnaubd,sorreybd@oracle.com,GpXv3J,120.33307,30.19183
jeppbe,ikalinskybe@artisteer.com,NzAO53dclZ,128.67399,47.72411
froubybf,nmerceybf@dagondesign.com,PxxDySBKpUc4,105.53784,35.61073
ccomleybg,cendacottbg@geocities.com,l0RhVUAaMB,106.3293,-6.8327
hhackworthbh,eburdassbh@prlog.org,xP5NMExh1Mt,119.16806,30.70583
sconeybeerbi,mcoasterbi@businessweek.com,rvIdHkrm,-7.7,41.1
bmatuszewskibj,flillimanbj@behance.net,Zmdp9GKzNw,28.63855,50.95937
ddaileybk,ssherwellbk@jigsy.com,NFfD0j62h,-7.4667,37.4667
atremeerbl,ahousambl@163.com,CYl0Pz,16.89167,46.19222
mworviellbm,amonnellybm@craigslist.org,NwqVdw0ci4,45.39004,39.73758
sreubbensbn,nghidellibn@illinois.edu,04hNDO,37.8854,52.02659
jfossettbo,rstonerbo@wikispaces.com,cmi9U01VtC,38.28822,47.81227
kpostinsbp,nghirigoribp@newsvine.com,8p6gnmDi,-8.87688,30.03462
rscobiebq,dmechibq@fc2.com,pzleodfmUgl,100.24215,15.14616
lkingstnebr,nupsalebr@comsenz.com,G6NWbG,114.14842,39.46799
skalkoferbs,ogiloglybs@mlb.com,vML8l9ntn5,-79.46352,-1.02863
bvannozziibt,plenzbt@irs.gov,daDbkQH23uf,100.8187,15.37927
iconrartbu,kiannuzzibu@tumblr.com,s54KUI,123.84148,40.30974
ohellikerbv,ecawdellbv@wiley.com,ejR7gnAR,121.1151,13.9331
gcornfieldbw,lbowshirebw@reference.com,T8ERwHvRzUY,22.38359,41.49511
vadnamsbx,mcollingworthbx@storify.com,E3DBiFjfF,114.6433,-8.3652
kmatterdaceby,amacdearmontby@theguardian.com,M3tWjlbkkC,-55.22698,-27.04346
anaglebz,stolleybz@aboutads.info,1ewynJybd,113.22236,23.09772
jtellenbrookc0,gleninc0@omniture.com,VB26qHZr,20.38445,49.95994
lroccoc1,bquerrardc1@newyorker.com,v1VyKiBJ,-89.65,14.5
sharrissc2,nhumblesc2@yelp.com,M6suVeuEG,139.57733,35.27651
lyeldonc3,dspohrmannc3@cafepress.com,kRMrMeNfAN6,17.1417,60.6745
learwickerc4,troebyc4@unesco.org,fqbFdEMi,-8.5056,41.9611
ccapozzic5,odibnahc5@go.com,vkUcp5vkT0w,-97.4388,35.411
rdillistonc6,omaylinc6@smh.com.au,LrmAuBMpJ,-122.96946,50.1164
lwardingleyc7,kjerzykc7@blogger.com,VgIhkcnf7p,113.52855,30.44995
solorenshawc8,sgreenoughc8@list-manage.com,LSwXc1K,-65.89382,-47.75034
gdomoneyc9,bmatteic9@51.la,RDG20FsDEh,44.58476,16.23063
nlambalca,jhartroppca@google.com.hk,9GDmwn9,118.87262,26.27755
mdrivercb,ebartolomeocb@tmall.com,WWKNqhCDt0F,-86.62184,13.34302
sfirebracecc,npopplecc@wordpress.com,593oqBknRu,-66.49243,49.12402
tproschcd,fsacchetticd@example.com,tGoV2W,102.39726,35.78148
mmallyace,bglentonce@ustream.tv,YMFv3C1Bb1X5,118.16639,29.44111
kpierrepontcf,gstreightcf@stumbleupon.com,Q48mE1rs41l,-16.23333,14.63333
smandelcg,egoughcg@gravatar.com,SRODhoOX,77.36649,39.81582
emcmonniesch,kheinekingch@illinois.edu,dMGUPw4TtVC,106.22227,30.09372
mlutasci,vvaheyci@google.es,NKwQ45G0CHy,13.3598,38.1158
frawlingsoncj,cdelicatecj@statcounter.com,dSpInagg7,84.10279,28.64831
csivillsck,mpepperdck@hubpages.com,lufM8g,120.7116,16.5553
opreshocl,lcliftoncl@ifeng.com,wrm17j,-46.81139,-23.83222
cseaboncm,lhewsoncm@amazon.co.uk,RjFywl,-42.53667,-19.46833
miremongercn,npalincn@dedecms.com,4bLDBo,105.93119,20.94301
swilmutco,glindemannco@last.fm,LGVFovB,115.55829,28.93325
mbalstonecp,mgaynescp@google.nl,5CRuHLI2,113.313,-6.896
kpechardcq,rmitkovcq@ezinearticles.com,GybfdCOxC,107.15189,29.29736
dpellcr,ieallescr@shareasale.com,j9IvDb5pl5a,8.51541,12.43303
dboothcs,iflethamcs@ovh.net,hWDDLB,113.05917,28.65861
tpenrittct,drallsct@ezinearticles.com,w2ZLOPZ,23.1565,65.853
gfawderycu,fvalecu@taobao.com,Uhu4R73w,116.22036,39.89672
ovossecv,tprobatecv@google.pl,6yn5xLX7k,44.59964,25.18251
nleathlaycw,fmcshirriecw@msn.com,RtFOILHpAo,111.9024,-8.0393
kclymercx,fprettymancx@hhs.gov,dUGYsapiny8,-67.88332,-15.49756
tmcgluecy,lhargcy@cbsnews.com,7PvSZNOd,-23.75192,15.27881
eborgcz,thalpeinecz@rambler.ru,dIRRwi,34.31542,45.0531
ekayd0,dpratleyd0@psu.edu,hNW90l,124.3843,11.0508
gguilfoyled1,bmcdermottd1@phoca.cz,q2hApZ32auj,71.55697,32.965
awooffd2,vskechleyd2@cpanel.net,jNAHe5x6i3,46.07175,40.49357
igarmstond3,wkaasd3@newyorker.com,z48Ek7S6mr,93.16113,36.90934
vpucknelld4,cburressd4@hud.gov,TU1z7liD,108.7146,-7.4301
vpullmand5,fpietersmad5@youku.com,anEdZw7b0utv,-5.27331,34.67452
ksigertd6,cluptond6@latimes.com,7ZUDI89CP,21.95502,51.31911
sgoulstond7,wbingd7@census.gov,IhdqSFh7HFw,97.93288,17.96209
ekilkennyd8,niddinsd8@purevolume.com,OnbrpgLB,32.99269,34.70559
hgarroldd9,oprattyd9@blog.com,gIJUiSl,88.99234,24.02452
growlingda,lellerbyda@barnesandnoble.com,VIxgx6RnmaX,14.09214,50.2875
shulmesdb,boleksiakdb@cam.ac.uk,C5NDJt8T,102.13505,24.86456
bgilbanedc,brougierdc@issuu.com,ZeFfCxguj,-7.7,39.5667
lazemardd,tgotcherdd@who.int,suJgjN95C,36.08677,35.07437
khovelde,avizardde@ustream.tv,7j9GJxAvZ1a9,-75.25642,2.77717
zsuttondf,jreevesdf@redcross.org,jYe9Z38ki,-35.56472,-8.20111
dklampkdg,cgoldsteindg@sina.com.cn,jrpQBQPsAhw,112.2378,-6.9749
vstonefewingsdh,rzannotellidh@yellowbook.com,JRmzmMXZlC,93.81854,31.72158
kpatleydi,nbellellidi@buzzfeed.com,kjfFuZWaz,137.07576,36.77957
edaintondj,vevennettdj@cam.ac.uk,Q4CtjIIK,18.90678,50.01833
fruggdk,fsabaterdk@irs.gov,Jhqjw1izZO,-76.16641,4.17061
dwhelptondl,wkiljandl@yolasite.com,Iu3YAAuHr,106.03216,-6.40185
sburtenshawdm,afoaddm@e-recht24.de,eA26R4FyP9,118.47744,31.3181
adouddn,eheersdn@who.int,ilzW4X1l,13.39035,49.93449
dboffeydo,fscrippsdo@wired.com,cYyxSOw3Vv,104.04478,17.96681
ltarpeydp,lbellochdp@tinypic.com,PvFjEk,101.27084,36.68749
bsprigingsdq,jcappelldq@soup.io,kbkT8t,31.46261,50.41661
mweatheydr,gstideverdr@rambler.ru,rsFugoAUdy,24.7863,52.2038
lcajklerds,akedwardds@google.es,RY5zGkrg,-7.23789,31.28924
lvalentindt,srigneydt@utexas.edu,eIWUz2e,16.89267,52.34705
fcayledu,ckarpdu@nytimes.com,mmF8enXp,107.9903,-7.1267
pmacmaykindv,kshambrookedv@indiatimes.com,OfU5af,2.2389,48.8834
cbradfielddw,maltamiranodw@webeden.co.uk,EZLsnz8JQuv,47.73333,-18.96667
lsmithenddx,cworlddx@yelp.com,OvUKbVjgONol,-93.7526,32.6076
ablaredy,kveltmanndy@paginegialle.it,8RvB3UD8H,2.45,48.6333
fpoldingdz,gmccaughendz@wikipedia.org,MQyfcAcrQ,16.0225,46.72083
gbolstridgee0,smaffeoe0@europa.eu,zEdjzf3EVBi,-83.38882,14.03507
kmuldowneye1,cciobutarue1@soundcloud.com,MZyyN5J0,111.9541,-8.1326
ewaude2,ehodgese2@tuttocitta.it,8ykW0e2jnprZ,14.8619,56.1706
respinoe3,tbedelle3@seesaa.net,4Ql7uglDGV5,108.89533,31.43396
jlebarree4,rpardale4@upenn.edu,VrA6lk,20.44171,-34.02262
kgyvese5,mpauele5@nydailynews.com,8Ab60zMtCN,-9.0485,38.4442
csausmane6,cdoggarte6@plala.or.jp,U0i30U2f,-47.53028,-22.45667
fmebese7,fgreenere7@dmoz.org,GkqKLZJ1WKb,-75.64722,-11.26527
spetronise8,sgyorffye8@loc.gov,irMT2V,115.79766,22.92051
ebrandolinie9,efortesquieue9@ihg.com,JwMGqR4WGb,23.03642,36.6869
slemmenea,hwindhamea@spiegel.de,nnoWm96rx,-58.13333,-32.68333
osteptoweb,earmandeb@dailymotion.com,7LibVqZ9,17.58259,52.53481
clowreec,jthirlwellec@paginegialle.it,PY3LRbCMi2,19.11548,50.37964
lscarleted,hdaccaed@wiley.com,c2hL16gF,83.63324,46.52574
tbenningeree,bbeadmanee@parallels.com,TfUNMV7p,117.4866,0.1194
mmacgiollaef,pbabingtonef@nydailynews.com,O47nY2wUho,31.75847,-0.16969
rbarbereg,ghaineseg@ezinearticles.com,FGMQR60cj,37.52194,54.00513
mpendlingtoneh,dbrewinseh@netvibes.com,GrbiJIv,121.66942,18.13741
tkopjeei,mleroyei@g.co,gUeH2RQY9BZI,4.4222,52.1942
erawsthorneej,sgreathamej@live.com,0p9JBXE0j,-68.84451,10.24828
pteligaek,dkuhnhardtek@ning.com,dgCdVPcPn,-81.76649,46.25837
khortel,emantrupel@etsy.com,APdSJuE,-3.7026,40.4165
vrainsem,lrippingem@ted.com,2CaGe83oC,-97.3375,32.7065
hsowersbyen,craddenburyen@go.com,Ms7UTBik,20.06698,45.13092
fmquhargeeo,rmiddlemisseo@360.cn,xYjfx7lL,115.61494,32.63678
esprigginep,mlampkinep@wsj.com,fV8iGSgzq,102.742,17.87847
awycliffeeq,mbiskupekeq@archive.org,JxvungiwC83g,5.4292,51.8867
skleehuhlerer,acanadineer@reverbnation.com,LcuSXw6kq2L,115.89571,39.57384
abaldassies,hbrunnenes@purevolume.com,Na4f85tk,-1.6743,48.112
kdinsaleet,jbeekenet@slideshare.net,bw36H1H9d,105.3196,50.6114
cnormadelleu,abouleseu@ebay.com,zmZp12n71T,-52.37806,-29.98972
ftennewellev,rpolettoev@weather.com,ujnoq4mYr,127.13139,36.91556
cpopeew,livimyew@princeton.edu,DHP38BWmMp,115.0134,-3.4116
abalesex,dissardex@nbcnews.com,QpeVCYAFEX,-56.80278,-14.45472
gmccluneyey,nbaystingey@wiley.com,xcOx7SLm,35.20376,31.70487
pwimpeneyez,lheughez@cnbc.com,PcD5HoeOQipG,23.56357,49.29416
shebbsf0,akorfmannf0@topsy.com,e5o7mtLD,106.55278,29.56278
chammerstonef1,pcarisf1@amazon.co.jp,JuItHYD,112.58865,22.91094
lleathesf2,ifaltskogf2@howstuffworks.com,4oY3zSEYz0Fu,-81.0336,29.0838
vkerrodf3,hbolstridgef3@webmd.com,yWFR3n,27.50807,59.42127
cdelmagef4,mcanof4@weibo.com,ryu0sb4VHqF,-41.15804,-11.54852
pchapmanf5,ltamsf5@163.com,DfjS3w2GNnH,46.12828,42.1338
apavittf6,kinkpenf6@vkontakte.ru,InfvPrCIrT,28.81161,-30.34357
wteressef7,omacgaughyf7@fotki.com,eHNqUb5ss0W,105.2201,35.49283
hdanhelf8,jmacgilrewyf8@google.cn,u6Pi1EGmV,21.04397,50.08039
kskainf9,cgowanf9@nifty.com,nK5d2gydz,10.26667,6.25
wpabelikfa,lrushmerfa@deliciousdays.com,TZSuLTTysmb,23.91011,38.29169
cmasselinfb,jmartynfb@wordpress.org,UuGosHkVnB,122.24483,40.81901
aphillputfc,rotierneyfc@msu.edu,DA64497xcMy,22.28961,41.87148
awychfd,ttomainifd@chronoengine.com,kQemdj8,-123.75903,49.47512
kstivefe,dgerranfe@fc2.com,RodQ1V5NyMYb,-99.16,23.8283
mpideonff,tnewvellff@goo.gl,RNAJrUl3AiX,48.34173,-21.23034
ahalsallfg,rdawtrefg@symantec.com,CceVgQ6tP,43.77722,45.00389
jdelaharpefh,cseekingsfh@boston.com,LKoqPq05ih,32.40191,34.82217
mtayntonfi,bhurrellfi@webmd.com,QzbvhvXo,23.21667,42.81667
achristallfj,daizikovfj@bigcartel.com,gS6JcQ5,30.69482,48.88877
rcoenraetsfk,jleiversfk@miibeian.gov.cn,SwHm3SLU,-37.12,-7.88944
gpurtonfl,csmoughtonfl@ibm.com,7Oaa0Mr,113.41268,24.16588
ageeritzfm,hspendleyfm@drupal.org,QBu5vW0bUT3l,37.5,55.7
gmilmorefn,dalentyevfn@qq.com,iAe6p1O,20.07794,49.621
kcansdellfo,sharrodfo@illinois.edu,svV07Xh,102.09832,25.11508
rfishbyfp,jchessfp@google.com.au,Nefrq7oiV,23.25,56.35917
dtextonfq,cburgessfq@delicious.com,sLTnmpqz,37.52194,54.00513
cgerretsfr,pheibelfr@bizjournals.com,cYY8vxj,140.46778,37.75
qswaffordfs,flillecropfs@squarespace.com,SCpUNEt1lmU,-75.87159,5.06242
rbirchallft,darthyft@nydailynews.com,BMNWQUS0Ui,71.19213,30.07537
fbrettlefu,oheinofu@unblog.fr,pzzpelcd,-9.1043,39.2298
edellabbatefv,abernuzzifv@google.pl,FmGQ2Tq7fhwf,124.25,7.48333
lrowthfw,hchafffw@wikia.com,xDJiR3,119.34778,32.58889
mgunnerfx,wlattafx@nbcnews.com,j7e0wnw,2.65866,6.73618
rbiffenfy,chandmanfy@phpbb.com,g2B2dK8,102.45004,26.12829
jpetruschfz,swiddallfz@squarespace.com,ntxT9kISJt,100.88823,2.03323
cduckitg0,radamsg0@sciencedaily.com,gs7vFRK9,48.3594,55.86638
rdillintong1,afilipczakg1@hubpages.com,cYtgqQL,-2.752,52.7981
psooleyg2,apasbyg2@yellowpages.com,2mM1AX0b6X,121.36779,31.23912
wivashinnikovg3,kmallettg3@wix.com,MDNX0q,123.1,8.26667
jlasteg4,dnatwickg4@nymag.com,CBFQAFU,-77.57861,20.8225
vlanchberryg5,ahoyleg5@devhub.com,kmXcoiagaz,116.64053,23.69947
bshenfishg6,bsmardong6@upenn.edu,DPrhcXK5Qw,126.785,37.85944
dsouthallg7,krubbensg7@shinystat.com,lLKSGGu8WJYV,124.31722,8.25111
ascurreyg8,cfludgateg8@epa.gov,S3HjAVxzrQ,132.16583,44.02576
bfernyhoughg9,kstqueintaing9@creativecommons.org,3Om97Vw,9.54678,47.23123
bbabstga,dticega@tiny.cc,Hto4Ac0RZ,13.0437,56.5121
wbeiderbeckegb,hkeelegb@reuters.com,olzUuN,13.58472,7.32765
rtrittongc,babrehartgc@aol.com,YyM9nNSOhh7c,120.08194,32.93639
mdeverallgd,mcarngd@taobao.com,9CSr2GoLX,133.53111,33.55972
ngrishenkovge,wwilliamsonge@ca.gov,ajdOXitrjI,100.54212,13.69634
slydfordgf,ckleinsterngf@buzzfeed.com,GqSNvPvrMEb,-53.80694,-29.68417
slequesnegg,nblakslandgg@army.mil,TCFp2A,30.88229,50.9506
tprazergh,rmonsongh@phoca.cz,ZvnGB2H,-40.55528,-11.73028
wkealgi,tmancktelowgi@bravesites.com,bJxtSKhuB,123.7121,13.3906
kquarmbygj,hlittlemoregj@arizona.edu,3nSCP00c1,74.11701,32.15656
pdermottgk,qbadcockgk@de.vu,8g45DYF8C6,107.51289,30.3531
nrookesbygl,swisdengl@mediafire.com,5A9moVFsIL,21.4584,52.59278
lkingslygm,cpaffittgm@devhub.com,VVoH7o2,,
jomaragn,kweatherbygn@irs.gov,cKCv8FD,115.56582,35.07436
heareygo,cmcfarlanego@ebay.co.uk,9cGnZ8FSAOdF,-3.4667,48.7333
rgrattongp,avalentimgp@apache.org,OQt6UlYluOFe,14.55822,50.09283
ascardafieldgq,smottongq@bigcartel.com,zrbWXxqhsy,102.78884,26.02849
emallardgr,lpochetgr@odnoklassniki.ru,UFWsLa75J,122.10002,37.2127
amiguelgs,fgoldisgs@drupal.org,4eObPUdFaX7,100.82918,39.16374
cphilipartgt,gpetlyuragt@phpbb.com,721rnT,120.98649,37.22376
ahartleburygu,ogobolosgu@alibaba.com,gZn2xH6rvyd8,23.75,43.43333
vbeninigv,prooksbygv@typepad.com,j03HEdSaNK,112.33238,24.08781
fframptongw,amottleygw@samsung.com,n6MFWN65qBrz,17.10729,49.85821
tsalwaygx,jhenricgx@squidoo.com,r6ngoVXPr6dE,123.9184,11.8687
cstiellgy,ldayntergy@wsj.com,QmFMeQG,60.5528,55.714
datackgz,gblumfieldgz@gmpg.org,R6Wx7ky6,18.80079,43.93817
clowlesh0,klardierh0@over-blog.com,AAqgeih,67.82288,27.18067
ledwickerh1,ccantyh1@cornell.edu,S4SrDaayqX3,52.6074,27.4761
ntribbeckh2,yklussh2@t.co,ywD2vz2Eg,4.76667,8.05
mmossonh3,asemeredh3@spotify.com,UqOZH0N6rrk,-8.3567,41.53
jsuppleh4,ocowburnh4@51.la,To3mVC,11.3259,58.7238
qcreanh5,ecuddyh5@newsvine.com,YqSOem3Mj,136.8,35.13333
dsulterh6,ctooph6@amazon.co.jp,iUJjlz5mz,-7.04786,32.09171
mduesberryh7,cdentyh7@merriam-webster.com,Vo87MNhNuC,124.3091,13.8719
amacelhargeh8,lgashh8@etsy.com,SVpmEqqE,126.41226,37.77419
jwegmanh9,tprettjohnh9@webeden.co.uk,mcJaPE,126.65543,46.54991
mfollissha,kmorrantha@businesswire.com,kySsHi6,104.04944,52.415
fdudlestonehb,mvedstrahb@xrea.com,uiUpbe,-1.53388,12.36566
fpearsallhc,ktolmiehc@reference.com,cSgXHnv9m0NW,116.5056,-8.6038
srabjohnhd,mchappelowhd@macromedia.com,LQ9IjV,136.91667,34.85
dboyathe,mjenthe@altervista.org,i1aQCImoUa,124.85861,6.815
sbodegahf,ameyerhf@hhs.gov,qyBZ4qKset8,29.42412,-30.54723
gscrowstonhg,gkeighleyhg@eepurl.com,AixFYGd,111.5605,-7.1655
soadehh,dvelahh@ow.ly,WUNkd9Q2ljj3,107.94309,22.16841
caindriuhi,erembrandthi@homestead.com,Uz0AYLpN0L,10.4526,12.8791
mmaulthj,rcallicotthj@adobe.com,kAV8jYYRVjab,-110.66834,50.05006
mmckinnhk,sdesporthk@so-net.ne.jp,7YIOaZbFp,108.49473,11.76165
gphilipardhl,kgallyonhl@sciencedirect.com,0XUHOiirhZm,21.35963,41.15969
barensonhm,sheselwoodhm@admin.ch,A8afwqVN,135.25,35.3
bsudlowhn,elattahn@ycombinator.com,qZYiXuHwCWM,26.7432,53.8864
trussiho,byegorshinho@microsoft.com,38ZRH3FWkOxW,32.93333,-1.95
sharriothp,pruegghp@businessinsider.com,2bJn7lKBM,121.9778,-8.8
tdenisevichhq,nbenoyhq@domainmarket.com,TJeKI3,20.2839,45.76994
bcastaignethr,glevingtonhr@smugmug.com,pFfhPTRSU,108.4423,-7.2046
brimehs,vstonehousehs@newyorker.com,ktLynOVMYqBi,66.45116,30.9236
agariochht,cchamneyht@shop-pro.jp,nDZk3HMz7U1P,112.81524,22.63986
lsammondshu,abroosehu@ustream.tv,EzJG5H,4.8549,43.8817
bglenfieldhv,khardwickehv@qq.com,yJ3asVJP,115.5064,29.20968
fcostallhw,fguillardhw@simplemachines.org,V5l0LbgMQaS,-63.56428,-36.05463
bschroderhx,hlateshx@amazon.co.uk,SYRHvF7whll,119.73715,32.96309
lbuttinghy,jseymourhy@netlog.com,xv3W6PWB5,15.5,58.5167
ebilstonhz,ssutehz@hubpages.com,JBniuYThlZ,-62.10672,-32.6978
cpoplei0,kgrichukhanovi0@paypal.com,YFysRp3q076,2.3527,48.7461
fcarlani1,lclefti1@goo.ne.jp,bEYmdwfVk1,106.4799,56.7492
jorrocki2,kkohrdingi2@cargocollective.com,bwvrnA,111.49749,29.16692
kloyi3,odysteri3@arizona.edu,AlPDVzG9kXom,122.49198,40.57114
acabedoi4,jshepcutti4@google.it,eFIoeaE,7.63333,6.88333
lcadlei5,chanshawei5@state.gov,mrZuqODDQ,11.906,-1.90046
batkinsi6,npozeri6@infoseek.co.jp,g7ZaAs5,131.08008,32.93726
bsanneyi7,aemmotti7@liveinternet.ru,9uiflcUHkf,79.46861,41.3525
dsaddi8,mkaasi8@list-manage.com,pA31ZS7Ql,121.0286,28.22145
mogaveni9,kkulleri9@wikispaces.com,eztPFLJ,-7,41.675
esurgenoria,ttregensoeia@tripadvisor.com,psrR8sS,123.8426,12.2013
tkelsonib,lbanfieldib@wikimedia.org,UbrpyESGOT,18.45334,50.19003
aaddessic,everduinic@facebook.com,4DJR1Kh1v,46.8286,43.08173
wnoeid,cmclindenid@goodreads.com,BFow1GkEovuu,39.31706,48.56705
hfrancesconiie,nlegrandie@wsj.com,MdpjSy,106.98727,13.73939
hhollerinif,hwalthoif@cnbc.com,IzYMyyd,1.8969,43.9016
dantleyig,dwilseeig@europa.eu,ooqqPGCi,-48.66778,-27.64528
cduberryih,agounelih@state.gov,GGIADjRXV,112.19194,28.075
cgellibrandii,mgreenlyii@e-recht24.de,cepyZsaZ1zp,-66.47917,45.83512
kdorningij,htheakerij@1688.com,ZOJEpIq,119.18723,25.77784
jmaryetik,lpedleyik@twitter.com,AiAblV,-13.3223,15.60588
lmenendesil,jmachanil@etsy.com,FxVlG6,64.50139,40.12
abansteadim,mtrimim@miitbeian.gov.cn,9TCVqC0kUUl,147.1347,-41.4388
iclunanin,kbuxsyin@nymag.com,OFUjDNe9WqG,98.6107,2.9392
lvansalzbergerio,wgreenhaughio@amazonaws.com,emrBHb,108.34228,28.555
adombip,wciccottiip@gnu.org,azNE5n2U,37.45,36.61667
pwillicottiq,mkolesiq@webnode.com,GKyUwOl,111.7907,-6.825
mambresinir,imcquiltyir@godaddy.com,xqybJe0cGnpc,109.85681,34.53936
vhansillis,dlockieris@skype.com,EKdrW5afO,-86.07383,11.91197
ebedomeit,gchalfantit@phoca.cz,xgf4zzEk3bNh,109.20116,21.66621
hrippeniu,bdodswelliu@dropbox.com,J3P609LTW8C5,-84.46765,10.06383
finsolliv,mmessengeriv@house.gov,JcFVQANnPo,126.55224,46.05996
gmckeagiw,pbeumantiw@census.gov,LjTC5m,112.2051,-6.8844
jberzenix,ldemogeotix@cornell.edu,ypbM4VHqS,109.05552,34.05786
afratsoniy,jdungateiy@issuu.com,LpI4d6KZU3,110.30904,28.9218
gprudhamiz,aleggoniz@ifeng.com,Nm6kg4K,51.3452,53.37596
slosemannj0,fdeangeloj0@psu.edu,zVZNdIn,103.65309,16.0567
sumneyj1,kspencerj1@state.tx.us,awJ0oaK89BMK,107.50962,-7.38374
aforsdykej2,lbreacherj2@php.net,xubemu5JuLy,-76.66333,-11.90083
hfeethamj3,cgellingj3@stanford.edu,3BNnMrBTYy0N,139.39004,36.13497
icutforthj4,idelahuntyj4@cdbaby.com,0IilRd1,119.79502,26.38357
ekesterj5,ebowditchj5@mapy.cz,lAn0iP3,140.35,36.76667
ocarlanj6,emcpheatj6@psu.edu,IV486tY,-123.2376,49.45218
lbarrarj7,nsumshonj7@gmpg.org,nCSlHCENeqK,123.0464,-10.7432
ndunwoodyj8,wphinnisj8@twitter.com,7mz9An8U,-79.00098,-1.59263
bmacmickanj9,lgobelj9@mail.ru,44O3C6KFF5h3,-8.7226,42.2328
cockleshawja,smollenja@nsw.gov.au,6SLNqPy6zJ,-54.10694,-31.33139
auebeljb,cburchfieldjb@bigcartel.com,sD5BnNxkb6yB,38.71667,7.93333
vsadlerjc,mperrigojc@princeton.edu,rqz8dMtVfl,103.87392,14.76736
dinglesantjd,hdagostinojd@mapy.cz,Ly123qlD,-100.05586,49.23062
ckoeppkeje,lheadfordje@cargocollective.com,fwFJ91o8,120.5221,18.0616
gfidianjf,gkubackijf@purevolume.com,Ce8oj7,130.4,31.61667
igoulyjg,nwinnettjg@vistaprint.com,GaLkNZ6dsK2,21.10474,52.32065
jbrauningerjh,lquerreejh@thetimes.co.uk,RSL37H6X,-87.46667,15.06667
grisomji,tsadatji@stumbleupon.com,BB8TIVd,-1.15,46.1667
cbushenjj,swarderjj@flavors.me,aXNCVY3,,
amorelandjk,gramlotjk@ed.gov,X26FO8PZi,105.6969,-5.7706
mcrumlyjl,hbaxstairjl@scribd.com,k4iFgJvdEjcq,17.52809,50.31061
dspraberryjm,estiggerjm@ask.com,Yyfhv3N,119.56556,27.23361
cwaddicorjn,dyujn@princeton.edu,OQ63ok,105.38454,30.87123
ogotecliffejo,vmcilvorayjo@twitpic.com,x0dQNjZd23bH,41.28682,52.7686
elightbownejp,chambersjp@answers.com,pWasCPEUKG,120.47091,37.40579
cmoremanjq,omunningjq@dailymotion.com,AziylXwet,120.71177,30.77959
griddichjr,bfitzerjr@slate.com,L1UyXWGr0pPH,73.21449,34.14685
tthompkinsjs,blambshinejs@sun.com,BcjfeT,3.81867,12.55208
ctrudejt,kmathivetjt@google.de,fkcbXAQcEk,45.74322,43.08869
iilyuchyovju,ygearju@va.gov,yZ69lne4LvO,113.2393,-8.1858
nclaussenjv,slamasjv@soup.io,0jgvZ9fuBbI,120.56465,28.25226
rdowtyjw,acahanjw@redcross.org,VL6vy4L5,107.2709,-7.2634
chuguenetjx,gscammondenjx@earthlink.net,gZVrZZ23,91.83393,29.11381
ddonhardtjy,rlittlecotejy@narod.ru,UDjKU0TZE050,102.73097,16.05997
bpowderjz,rboothjarvisjz@phpbb.com,fheLAMcBD,112.07596,33.15883
jhavvockk0,lstanworthk0@biglobe.ne.jp,oildJa8,-60.7653,-31.66274
nmonteathk1,ldytonk1@intel.com,AmE5bsrtoA,109.29056,26.77111
thawlerk2,awillcockk2@paypal.com,YNW6UVijx,121.9042,-8.5513
lderhamk3,twolfersk3@mayoclinic.com,cfjc5lI,40.874,54.3204
bmushetk4,lnuccik4@sfgate.com,gyGSoAyb,116.1158,5.9765
jpetok5,apeplawk5@mozilla.com,IIebQFJQKowG,30.17528,59.83889
aculshewk6,khryskiewiczk6@bravesites.com,VJrqAJBRP,108.3031,-7.0218
aslingerk7,gsiggeryk7@cbsnews.com,aE8r4Plp,-51.16056,-29.59111
fgregoirek8,jforlongk8@npr.org,qiOIgnrXn,116.08167,34.79528
dglandfieldk9,ajessenk9@washingtonpost.com,gsqcZ9mUVNHi,127.35611,42.22583
dviccaryka,jroozeka@indiegogo.com,Z39bhP,-14.96667,13.55
dgarvaghkb,jislepkb@unesco.org,o7J10n,18.60432,52.09949
dhordellkc,hclaeskenskc@walmart.com,evnMIezS,2.5256,48.9836
blipyeatkd,jbattrumkd@shop-pro.jp,pWS6rXm1o,-47.00222,-23.39694
pmaskallke,sgaultke@comsenz.com,5AtqX33y,38.93333,-4.93333
sfieldingkf,hgherardinikf@163.com,hadfb9oj5gw,37.54459,54.11896
degarkg,maddesskg@zdnet.com,U4l1BPfa,-54.76667,-32.83333
psicelykh,creppkh@spiegel.de,iKmis02ln,62.19967,34.34817
jhiggonetki,kpawlettki@huffingtonpost.com,ILCmDTaV9n,45.05028,43.23861
tmetzelkj,sorrellkj@hud.gov,DiAxBPJwiByT,102.66414,35.20006
flightbodykk,zsteelykk@godaddy.com,W2JbzgGyg,22.05334,50.58286
ddomleokl,ikirlinkl@icq.com,Rucc7Gb9P,-85.0707,41.0938
camieskm,rkringekm@tiny.cc,wscGSyQeUdfA,3.8772,43.6109
rgillettkn,creiachkn@icq.com,CbNsPYn,9.8217,4.8428
bwetherheadko,ebrameko@oracle.com,gCkEB9Dd6Iq,101.6673,3.1466
wsantarellikp,ahearnekp@plala.or.jp,BeR2FI0V0PD,107.53333,47.25
mkapelhoffkq,adenidgekq@dyndns.org,cCDBli63h,-47.22,-22.85833
ugarlettekr,kcarayolkr@ca.gov,IvyYudeCiY7Z,29.13779,-3.39534
amoxsomks,ckeppelks@forbes.com,loa19VzLN5Qe,177.33393,-6.10819
itunkinkt,btrasskt@myspace.com,6VI93qxJQM,7.1694,51.259
slarosaku,mkeigherku@oakley.com,c2SdGe2V1u,37.68357,33.77974
ecamlinkv,apeirsonkv@biglobe.ne.jp,d0x9fWlOWb,-4.96878,34.53477
lstallybrasskw,nfleethamkw@patch.com,amwDjG,17.99337,51.71038
dseagekx,ppittwaykx@unblog.fr,HZEhbJvt,39.67868,59.29166
adukelowky,bbaccupky@noaa.gov,xsvY8lJHhlx,-1.7137,4.934
bdixseekz,ecombekz@people.com.cn,DHVqZfe,117.43399,25.81405
npiml0,iburrassl0@goodreads.com,Gj4lqogxKJ3u,119.83108,25.57591
waugarl1,bscogganl1@psu.edu,DOfpLlnEshxN,15.58944,45.11083
lhamml2,dfogartyl2@blog.com,DrecV7bwt8R,34.28333,10.55
wlibril3,fbraunlel3@gravatar.com,HczSVN,23.85608,38.14657
jmarlenl4,mvocel4@dell.com,VgE5G19JHP,120.95959,15.54602
gmaccleayl5,bfoskenl5@nymag.com,zLs85szM,-52.78889,-29.66917
lglozmanl6,etendahll6@cdbaby.com,qyK44F,20.9354,47.9804
lifilll7,ehalfhidel7@hp.com,PbThTkOUY,-75.16667,-12.23333
eballhaml8,gclemesl8@msn.com,1Leua1P1ArK,49.4116,33.9276
fcrewl9,driteleyl9@globo.com,NQElhvCYy,118.37469,26.36832
acrakerla,bdreverla@hibu.com,SJPTVZ0C,121.8142,45.49543
mbrunonlb,syushankinlb@topsy.com,5c6YuWXEldh,6.0731,7.82873
hkilbridelc,nhaglintonlc@hhs.gov,pVzPN4aUt2,107.6669,-7.4963
shalltld,fveldeld@simplemachines.org,DlTVXO,124.89278,10.97556
aknevettle,astjohnle@youtube.com,mkEbjCXCGR5,-62.61667,17.13333
pkinglesydlf,zstammirslf@examiner.com,6HNzRbZ,-38.29917,-12.53028
sartinstalllg,bpurdonlg@home.pl,hwr1BtJRH,123.7784,8.0269
agourlielh,agebhardlh@nationalgeographic.com,WgB1Pqt4aK,112.07017,29.19363
gablottli,mpetrilloli@liveinternet.ru,6bS5jLeS,102.45004,26.12829
btremontanalj,dpittendreighlj@simplemachines.org,Y3BDvXpTx,113.44218,31.94702
jrousbylk,bgroucocklk@yelp.com,xovbjMkJDGTe,58.7934,51.7445
fringll,azuckerll@nih.gov,tv7kQEfyRmfs,-79.6183,-2.67364
ncashleylm,fcaisleylm@skyrock.com,sFTbyxm,113.6036,-8.3729
dbenthallln,acampoln@com.com,SFurmU,127.93293,45.2696
akopmanlo,ytewnionlo@google.com,tMj0xn0S,130.525,46.2207
nshemmanslp,dtydemanlp@pen.io,lenmRz4qP,116.59921,24.85325
dvasilevichlq,rfostonlq@skyrock.com,zd1e48pxZZQ,121.4142,1.1175
dlefebrelr,aangeaulr@apache.org,7BIBU6nyaQ,-68.43348,9.69871
hlaflinls,bmantrippls@aboutads.info,m6Y1qO7w,81.63389,28.60194
kcasalelt,mstilemanlt@unblog.fr,tdyWMTsAo,41.9444,44.6333
vstitsonlu,mhawklu@deviantart.com,p3Gza5nAYNj,120.4146,-8.7229
jfleckneylv,laprillv@columbia.edu,qLvP3fuBG,1.35,44.0167
hpurseglovelw,catleelw@cnn.com,dmIgiNlyVmI,25.46674,-10.71484
rbhatialx,garnkelx@miibeian.gov.cn,IPzsLbDsQ0e,109.65838,28.91102
mwintertonly,sanstyly@senate.gov,YFruoVqb5,119.76056,27.91222
arozenzweiglz,lsharkeylz@newsvine.com,sF7dDFL,124.3252,10.6695
tclemittm0,ebruunm0@hostgator.com,JP7Hdf1VNq,114.7894,28.15283
chabinm1,hfruserm1@ebay.com,zIQQMPOz1h,100.59082,2.06823
glukesm2,rdurrantm2@who.int,usBeN2y6a5hz,111.4071,-6.9746
jbertinm3,fwhitechurchm3@jigsy.com,mWI8wk,18.40417,45.25528
abewm4,jtabbm4@weebly.com,BnqqdIsUi,-60.7653,-31.66274
anormanm5,dstrelitzkim5@histats.com,Sjp2d5hjy,119.54722,26.76528
jbuntingm6,hcalderam6@sina.com.cn,C1zZLn,-12.4,11.08333
bpierceym7,eskaidm7@state.gov,jnJVll8Ks5n,111.7299,-8.1174
tjuettm8,egatissm8@reference.com,HGKgq1,35.64806,34.12111
astuchberrym9,hlambertciorwynm9@nba.com,NJFoMUy,-87.5,14.68333
ywhissellma,hbluema@netvibes.com,U3krJxrpu,25.55514,56.34751
mcellonemb,uvescovinimb@freewebs.com,JNdSWMHY,94.92093,31.00711
mnapoleonemc,rwilleymc@who.int,jp4jetImZqE,58.69472,22.571
bmindenhallmd,jleivesleymd@prnewswire.com,BU5FsVG,2.45,48.6333
bcaveeme,gprattyme@twitter.com,DWoQbx6Qs,114.86045,27.05966
pgardinermf,gfechniemf@about.me,1OAKq0kQS,17.67434,51.57419
cnormandalemg,rselbymg@cargocollective.com,6pgWiDvSuI,20.86081,49.89154
rmarkusmh,cofeenymh@fda.gov,6xbcvb4cjA,112.63594,-8.17529
ifrearsonmi,aseerymi@livejournal.com,GYXC3F,46.6176,4.68501
dmatejkamj,plockyermj@archive.org,vyi0aU1cL,-70.1122,8.76868
knoirelmk,sbaurerichmk@drupal.org,VgGgpC45s,91.979,22.29543
avitteml,hambrosioml@twitpic.com,RXgeuXX,61.26363,55.31012
rluckmm,jmcaleesmm@cnbc.com,LzMbuPOnG55h,123.7448,-10.0148
gpaudinmn,lscattergoodmn@mac.com,oRDBXs,113.83743,33.33713
tdittsonmo,fpentonymo@drupal.org,q6WAUtP8,-70.92734,-33.66386
lgirardezmp,sinstonmp@cargocollective.com,hfQ4hjsTzS1,-39.05667,-3.46444
stearnymq,rlantemq@artisteer.com,2I0xYmHdIj,-41.87528,-17.46806
cgoodluckmr,epellattmr@imgur.com,pwrQ3acf,102.73097,16.05997
atimothyms,melderbrantms@flickr.com,3g8wfg6c,111.8093,-8.1777
hmaiormt,jjackmanmt@bluehost.com,wvBWap8g,114.908,-2.4464
cbostonmu,cclemontsmu@yale.edu,whdCSh,58.78139,55.17111
sbaggallaymv,sbethomv@csmonitor.com,BGL2Lf,-47.59556,-21.21139
mgreensmithmw,msimenonmw@economist.com,YB294CH8bGf,97.6157,16.52834
mlepiscopimx,tsetchfieldmx@time.com,vBpRt1qI,-86.58333,14.83333
ldowbigginmy,hglasonmy@amazon.com,QWa7bbcc,113.4945,-7.0496
kcasebornemz,cextencemz@behance.net,Ng2MaDLtifB,113.68135,33.84529
mbrackenn0,mburgen0@mashable.com,zrA8iV2Cu1X,-8.3167,42.1
hhulburdn1,rduddenn1@stanford.edu,kM6YvskxY0,-77.03171,18.13683
ospantonn2,cneisingn2@homestead.com,hTJXxeYnn,115.72167,23.88916
dbaggern3,lharmourn3@hc360.com,z39xSt16G1,7.81191,5.61455
cbuckoken4,scogginn4@chron.com,jZznPQup,108.0971,-7.3471
ccotheyn5,dfranen5@nhs.uk,SPI7PET7Fy,120.6447,15.12279
asebringn6,dfaudrien6@telegraph.co.uk,6v3lLB,105.09387,19.55206
kmartynn7,bcristoforin7@github.io,9TDa9j,120.51667,16.45
lcrowsonn8,mmerigeaun8@instagram.com,IzsxKn,4.8833,45.7667
lquixleyn9,jwingeattn9@wordpress.org,JbbWsWv,-116.4858,55.4334
kraynardna,lelverstonna@seesaa.net,PtSSRZ,-7.9,39.9583
npoundfordnb,oridenb@webmd.com,yHDuUDKf,111.8731,-8.0347
rbarefootnc,gkhilkovnc@google.ru,4zPE4D,-47.91389,-22.54861
ablewnd,mdunstonnd@senate.gov,dwPuYKemuN,114.34219,38.82219
pantonescune,rhenkerne@cnet.com,zbzacCL,111.277,-6.7637
reathornenf,pmacaskienf@acquirethisname.com,ZEbIzPn,110.21695,28.21971
ecowtherdng,vadeyng@artisteer.com,SiN7IDWkAs,102.22142,12.45467
agaskarthnh,okarolewskinh@google.co.jp,DQrOYj,115.95651,39.7423
gduvalni,cmateescuni@cbc.ca,nFdOXc2Y8pj,36.56449,35.61376
llyalnj,gmazzeonj@cbsnews.com,1JJg6RL4F1w,112.1515,-2.5094
gjosephovnk,mbeddonnk@addtoany.com,dv7lxMrIubav,16.50164,50.58008
mdrewesnl,cgartannl@paginegialle.it,QXuxFNLfxB,-35.31944,-7.06
jkumarnm,abadennm@t.co,nCgnqfdTbD,112.9593,-6.8976
hroumiernn,dmanleynn@tinyurl.com,MrzpN3TZaX,35.12682,31.87022
vflewinno,adummiganno@reuters.com,jIkCNAR,-8.3303,41.6022
hclorleynp,jsichanp@e-recht24.de,ysByGkG1I84,175.49634,-36.7611
josheanq,emcguirknq@sourceforge.net,6O0Ejvtpd2Y,-101.7992,25.6638
dfinnnr,taronovitznr@gravatar.com,hnsRDy8WvuGL,-82.8,8.48333
pskirrowns,wliverseegens@myspace.com,dmBs7z,5.96,14.073
gwadsworthnt,proddnt@cnbc.com,Ulggo7BEP3W,37.92083,55.97111
hhischkenu,emashalnu@foxnews.com,VEeYCCAs,113.67222,30.89843
maingenv,hhollyernv@ameblo.jp,opzTAESoE,112.045,29.01528
ehecklenw,edelongnw@purevolume.com,3GPqYQXkRiKF,114.44184,29.04739
twoloschinskinx,bmartlandnx@nasa.gov,dUSJTeQEvIz,14.8091,56.8777
aheavenny,jhowsdenny@ftc.gov,YwGkAwY,17.7,59.9667
dkybbyenz,dvansalzbergernz@blogtalkradio.com,uZu0hRiL6B,104.38905,28.26633
dparnello0,sfleuryo0@diigo.com,051ehTn0USo,94.81784,20.89921
cshinno1,sstoneso1@usda.gov,BIphfUz,109.31415,34.15754
ayeandelo2,rgisburno2@purevolume.com,7kdwT6tPV,-83.1508,42.2399
sbishello3,lbosherso3@etsy.com,Zst8kp,112.8118,33.66248
tclemintonio4,vwinspurro4@1688.com,e9MVAK3,81.68202,7.29754
bgebhardo5,edregero5@chronoengine.com,K2TDG9GhsoJ4,-75.95722,4.95167
abarabischo6,dlackingtono6@moonfruit.com,BY4Ccp4T,102.31056,53.67028
lploweso7,cmcmychemo7@reverbnation.com,i62U4V0bB,111.7141,-6.97
cbrookeso8,btoftso8@boston.com,UDIXy6UW1K,41.0267,45.117
jshutleo9,kralestoneo9@google.co.uk,Q016ovByv,-50.24639,-20.28389
cstollwerckoa,clapadulaoa@loc.gov,YIUS1rU4IbiV,15.48486,49.75603
emoaksonob,soshirineob@prnewswire.com,j9fdXJXesR,-104.0917,19.3622
mcatteralloc,lneljesoc@twitter.com,d1lfzYHoq2y,-61.36298,10.65298
mackrillod,fboeterod@bigcartel.com,9KYpGT4Ihx4V,105.9491,-6.374
jflasbyoe,abrazeltonoe@omniture.com,1KWrmh9i,-93.4719,45.0159
vcandyof,pclitsomeof@123-reg.co.uk,dzvQ55,-72.72167,19.93264
dmariotteog,bhegertyog@weibo.com,9gNnZVzv,123.5226,-8.4985
iuttermareoh,lsecretanoh@1und1.de,uqUs96uT,96.6457,45.3466
aducarneoi,hafonsooi@usnews.com,NDkwXPyCVgn,-72.51582,45.35008
fdumbelloj,arobboj@ft.com,rXTCFM7fhd,118.49715,29.14624
washmoleok,epilchok@merriam-webster.com,bgi3jyJ5z,113.07029,41.28776
gosborneol,blymbourneol@desdev.cn,kwgPZOFaAH,7.9303,58.1573
mlaurieom,ikeffordom@miibeian.gov.cn,OJxrhycOBBW,-74.47226,5.00886
dcalcotton,rnaccion@house.gov,KnPcE9RXK,18.00762,53.1235
wkillneroo,econnoroo@addtoany.com,cd15BVaq,24.8,-13.68333
fdominicacciop,xbenchop@ovh.net,RxFztsF7wUX,111.0032,-6.4367
myurchenkooq,akinghorneoq@godaddy.com,OWXBcj,91.6586,29.1471
ccaneyor,hlongmaidor@reuters.com,oKst1R,15.06734,49.18989
ktollidayos,wlilleymanos@geocities.jp,FePERMt,21.30597,54.36013
charbinsonot,ddjorevicot@imageshack.us,GfD3oQSHKB,119.4901,30.2006
fdegregarioou,ldearthou@house.gov,eqY0vkyYQi,-6.2947,36.5298
pblowfeldeov,nwabersichov@google.com,rekcSWy3CUfF,14.50194,35.9125
rquoitow,rferribyow@e-recht24.de,oMryhBvbW,66.62194,25.80722
grabbox,oelcombeox@netvibes.com,1jTXfX1dm9,-0.8773,41.6561
sstearoy,kgreseroy@networksolutions.com,e68kaXBAq9CM,42.5125,45.12306
smaccaffertyoz,jgerriessenoz@eepurl.com,pJ2fRiyr,109.71211,30.85238
ihyltonp0,rstitchp0@dmoz.org,KMIjdU,115.93068,39.81521
ahounshamp1,rnoddlep1@imgur.com,r50fNtXwP,30.36,53.9854
ocowthartp2,cpawfootp2@accuweather.com,o5Y0bpx,120.2378,15.8884
amcwilliamsp3,tkeedyp3@time.com,ztWJrj,16.5416,68.7983
mcamberp4,ecorkettp4@edublogs.org,vI7uhQr,111.8076,-8.1196
grollp5,fvasilyonokp5@howstuffworks.com,ZfevliDH,19.56579,50.15573
iglennp6,awarwickp6@irs.gov,ItdI6nbFO,10.6364,59.9176
rcorkelp7,llettleyp7@vimeo.com,S6DpgBZYWhl,73.68545,32.06786
dduerdinp8,lclapisonp8@mapquest.com,D7uEPKx,-65.71252,66.14511
mchisholmep9,mcardop9@gov.uk,zFFCHUsoF,15.74306,50.93507
pmcgivenapa,dwonfarpa@examiner.com,dVPydn09,103.71667,27.31667
rworhampb,alowethpb@histats.com,qYwwww5,-72.06371,8.26588
dlampkinpc,rclemespc@skyrock.com,AlV9Pqz,44.58952,39.9996
vgniewoszpd,sfancottpd@shop-pro.jp,GmJ6K7HYAu2,80.53528,5.94851
rthorsenpe,jhathawaype@odnoklassniki.ru,sFPrfg,108.2332,-7.4839
dkliemchenpf,lbagshawepf@ovh.net,VblNI5XK,-72.13611,-14.30778
ssherbornpg,bdillicatepg@nasa.gov,InXMP0e,106.90932,33.0043
lropkesph,bgrandhamph@earthlink.net,VrB1q9,105.83359,28.81161
epeasegoodpi,tpockettpi@ustream.tv,sJK8Z0,15.72927,12.996
gmeadwaypj,avideneevpj@china.com.cn,SWMHgZ16nOy,19.89564,39.61594
jhuntallpk,mwolfendenpk@jimdo.com,xgOpl169p,-51.34778,-29.225
gattenbroughpl,asevierpl@goo.gl,CvHO5zC3z1X0,17.65816,44.17133
sfransonipm,dcalderheadpm@umich.edu,ZzWVynig,72.9392,44.28461
bmacgorriepn,bmelpusspn@pbs.org,iqvrbJI,121.7557,-10.6012
awattinhampo,pcoathampo@stanford.edu,iiMcOBWxwW,-9.3143,39.3213
gpadypp,oguidettipp@auda.org.au,IJxv6JPC,117.84863,28.39142
praatzpq,bscainpq@diigo.com,xpMvGSk40H,-8.2667,40.9
tducarelpr,fthumimpr@examiner.com,qRetRKTV,111.76877,29.74993
bgoshawkeps,gbriddockps@reverbnation.com,hdBeE06,25.35233,65.17654
pleanpt,eladloept@arizona.edu,2qIiL03MkIz,-72.95647,4.09912
thammonpu,wbriiginshawpu@boston.com,4D0qP6Z1a,122.8962,-8.2722
gmayhewpv,ldresserpv@blogspot.com,2NR3SecL,34.62769,47.63543
adahlbackpw,barchibaldpw@google.it,ex6ZVoRORWk,120.68571,15.17042
rbreesepx,rrowlsonpx@ovh.net,IU84QTALX,99.40676,39.15821
vvedyasovpy,hgodsilpy@wikia.com,Qx72OtVh,113.55373,-7.15624
jwisniowskipz,kclarricoatespz@purevolume.com,GlRq2UZ,-104.767,38.9497
karthyq0,jcolwellq0@zdnet.com,1Cmp8IEf,108.645,-7.3314
hstallworthq1,bguyonnetq1@constantcontact.com,dqvCHgj,-48.00222,-24.6925
lcordetq2,dsturgesq2@chronoengine.com,ni3voOllE,-86.34417,12.15889
bcoldwellq3,dcradickq3@accuweather.com,8B2F51GQaP,20.78579,53.15773
fcornilliq4,jsimonnetq4@flavors.me,rvDiTa2rDJw,102.76608,35.98136
pcashmanq5,kbuddenq5@mashable.com,v7NYMr,120.90021,15.06247
hickoviczq6,phandlingq6@cargocollective.com,cxNCFw,111.6234,-7.1814
ledgcumbeq7,scawstonq7@technorati.com,k2aFdclM5,17.9167,59.35
apedrolloq8,kbadgersq8@goo.ne.jp,ABllipQND,15.42054,53.16905
liannelloq9,kmcgooganq9@answers.com,9xZW5tqC,-3.1777,57.4458
slaurischqa,bbrasqa@examiner.com,FrWhG7A,41.94224,34.46934
efirmingerqb,mlowreyqb@latimes.com,fm9XfgS,113.5076,-8.2987
mruddqc,wsperringqc@whitehouse.gov,AO0aeaX,20.51222,43.13667
pwhitecrossqd,ghadawayqd@princeton.edu,9JLh1FhUZ8H,-6.11139,53.00833
sseczykqe,oosharryqe@nbcnews.com,LX0v7N5gc4,119.54836,25.95029
sspontonqf,pacuttqf@themeforest.net,KIeTgmDeIN,-8.5833,41.9167
adubockqg,rwallbuttonqg@engadget.com,aVQwVTOZp,-66.1136,18.3094
aferriesqh,rsimionatoqh@goo.gl,aokSjH1MYgK,-78,-8.3
ekeemsqi,espurdensqi@blogs.com,3279pzHDaTZ,18.35609,52.86923
kwhallqj,mhercockqj@fema.gov,IkF1Uag,131.94578,43.80291
lfreezerqk,awincomqk@earthlink.net,oBf1kAgf,110.81516,29.04439
bbethellql,nfennellyql@oakley.com,clM4o2Uz,13.5036,59.3793
gtowlerqm,cbernhartqm@multiply.com,Hw3flvNA8os,103.58361,15.65558
lredferneqn,jossultonqn@icq.com,kKMaWCf0eVX5,4.0833,48.3
fgidleyqo,bandresenqo@comsenz.com,OiamWE7whtWE,-43.77361,-21.22583
wryleyqp,sflookqp@economist.com,ELlKwU1zKF8,114.83789,28.20697
khebblewhiteqq,cglackinqq@twitter.com,FDBOOhOhxT,47.8498,46.6927
rtibolsqr,mpurdomqr@who.int,9BMnIGpu7Z7G,115.1774,23.64709
pwagerqs,rbaytropqs@cdc.gov,Je5kbj,72.7,30.53333
gvanyashkinqt,groustqt@opensource.org,j28CGPHvuk,114.35831,38.53068
lfredyqu,nrohanqu@quantcast.com,Q5Nlb7,48.34204,37.68585
scamelliniqv,cboichqv@over-blog.com,X8vFsAVma9,102.66414,35.20006
swilbrahamqw,mjacobszqw@hud.gov,zZpmFf7,121.24465,31.38574
gbuswellqx,ttrematickqx@tmall.com,P1eFbqa6Ac,110.36041,30.23951
gkennifeckqy,wwittierqy@bing.com,aTFUYU,40.12528,45.85472
ojenkinsqz,apuntonqz@cargocollective.com,vHbLxRopso,113.65198,23.88601
sgerrelsr0,aschollingr0@apple.com,8dzVosB,-91.71667,15.08333
hhyndleyr1,bfiggerr1@feedburner.com,EL3Myo,120.60461,15.79189
jdoumicr2,ayakoboviczr2@themeforest.net,wqAWyIdk,16.84925,52.2857
bchrishopr3,adenerleyr3@stanford.edu,EHpOefDWvRFy,-15.2,13.58333
cpfeiferr4,pmccluinr4@addtoany.com,VaKhrWrcNMv,10.2166,59.1312
bagottr5,ksaichr5@rakuten.co.jp,yQ7VO5kFmGwt,22.17367,53.92198
sundrillr6,emoyersr6@ifeng.com,Qe0JIXyf34p8,134.71667,34.78333
kholburyr7,tkelcherr7@apache.org,ctE7dwnEqQ,22.58611,43.15306
kthomblesonr8,sjarmainr8@wikipedia.org,wDpFvMKTB4P,10.58378,-1.21544
pbodmanr9,kcoulingr9@etsy.com,DXboJzHI,25.18684,35.28262
jbraddonra,hremnantra@disqus.com,zgKH8ios6I,4.8264,52.4385
cmakeyrb,eroadknightrb@4shared.com,ECYkUA,-65.49832,-27.16742
fsickamorerc,jkillockrc@google.nl,yDfUagCL,-57.08991,-29.71311
mskyrmrd,tgallearrd@columbia.edu,skGmDMqwH,108.8217,-7.486
mashcroftre,scoryre@multiply.com,zcKPrispdjE,-39.29861,-6.35944
aadriaanrf,dnewsteadrf@dyndns.org,vulzd5G4p,111.8522,-6.9943
cbumphriesrg,cbaylessrg@rambler.ru,Tn2PR7Ud,124.4021,10.6686
bbrackrh,sdamerellrh@huffingtonpost.com,56vsw0O89k1O,103.63849,28.24425
liglesiasri,icathesyedri@ftc.gov,ZKUi9n,35.72722,32.03917
mnatwickrj,lbembrickrj@flickr.com,xTxSbja,119.5334,-3.6634
kghilksrk,sscynerrk@wikispaces.com,FqUfQbf5W,100.24028,38.18056
mquickendenrl,groycerl@fema.gov,2uRbM6c,14.1081,59.3098
echicottirm,fdormonrm@yahoo.com,BDuH6pNjF5ZA,61.83031,37.59378
elaurentinrn,aadgerrn@friendfeed.com,rWNic5A3c,110.07545,19.25011
fwardsro,hsacksro@answers.com,q9x5JmgmC,42.10194,47.64611
kbleesrp,emelladewrp@bloglovin.com,9hL2yCTv7,22.1546,65.5842
gpoznanrq,jrapierrq@bbb.org,kN57mh3qTKM4,120.37098,32.2503
pcassierr,pvansaltsbergrr@hp.com,Op7RnkXrqTt,36.15787,33.8104
